{
    "classification_report": {
        "1": {
            "precision": 1.0,
            "recall": 0.75,
            "f1-score": 0.8571428571428571,
            "support": 4.0
        },
        "2": {
            "precision": 1.0,
            "recall": 1.0,
            "f1-score": 1.0,
            "support": 1.0
        },
        "3": {
            "precision": 0.8,
            "recall": 1.0,
            "f1-score": 0.8888888888888888,
            "support": 4.0
        },
        "4": {
            "precision": 1.0,
            "recall": 1.0,
            "f1-score": 1.0,
            "support": 3.0
        },
        "accuracy": 0.9166666666666666,
        "macro avg": {
            "precision": 0.95,
            "recall": 0.9375,
            "f1-score": 0.9365079365079365,
            "support": 12.0
        },
        "weighted avg": {
            "precision": 0.9333333333333332,
            "recall": 0.9166666666666666,
            "f1-score": 0.9153439153439153,
            "support": 12.0
        }
    },
    "confusion_matrix": [
        [
            3,
            0,
            1,
            0
        ],
        [
            0,
            1,
            0,
            0
        ],
        [
            0,
            0,
            4,
            0
        ],
        [
            0,
            0,
            0,
            3
        ]
    ]
}